time [s],rpm [1/min],torque [Nm],FC [g/h]
0,600,0,767
1,600,0,767
2,600,0,767
3,600,0,767
4,600,0,767
5,600,0,767
6,600,0,767
7,625.6042,54.0795631,839.4653873
8,869.6975,247.078369,4183.069265
9,1067.70325,11.5494108,1591.739247
10,1156.46448,6.26862,1731.216722
11,1194.01733,10.7822571,1794.489732
12,1217.91455,66.526,1839.309434
13,1233.2771,55.738,1868.1222
14,1246.93274,91.698,1925.786006
15,1275.95068,110.577,2336.582483
16,1322.03833,112.375,2480.68065
17,1373.2467,113.274,2584.62645
18,1429.57593,53.94,2209.779348
19,1296.43408,0,1986.574107
20,1163.29224,146.058319,2797.47825
21,1325.45215,246.326,5889.928349
22,1441.52454,240.033,6042.407007
23,1521.751,161.82,3898.698962
24,1574.66638,115.970993,3032.1228
25,1605.39136,77.27227,2534.097836
26,1612.21912,53.8740158,2547.072875
27,1607.09839,44.0196953,2537.341664
28,1588.3219,-58.886898,0
29,1550.76917,-56.9153824,0
30,1489.319,-53.6892433,0
31,1392.02307,-48.4416161,0
32,1258.88123,-39.121685,0
33,1095.0144,-29.4882565,0
34,955.0448,-22.1398525,0
35,888.473938,-18.6448822,0
36,888.473938,344.9399,6437.002446
37,920.9059,319.63385,6059.89607
38,953.3379,280.681824,5366.136773
39,958.45874,0,1284.834191
40,926.026733,0,1176.567168
41,833.8516,0,1033.937449
42,637.5528,0,855.38586
43,600,0,805.35
44,600,0,805.35
45,600,0,805.35
46,600,0,805.35
47,600,0,805.35
48,600,0,805.35
49,600,0,805.35
50,600,76.766,805.35
51,823.61,231.803238,3619.425107
52,1048.92688,226.1631,4476.808812
53,1197.43127,289.411835,6754.4946
54,1311.79663,128.557,2778.28257
55,1320.33142,0,2031.39405
56,1330.573,104.284004,2335.322283
57,1470.5426,187.890991,4423.115256
58,1624.16785,86.09519,2569.77945
59,1443.23157,0,2231.929833
60,1264.0022,149.234009,3068.5746
61,1340.8147,276.892,6894.46905
62,1443.23157,127.658,3005.677038
63,1291.31323,0,1976.969915
64,1137.68811,388.896545,9389.45805
65,1224.74231,703.017944,19420.23804
66,1296.43408,607.724,17099.0925
67,1363.005,531.30896,15192.82632
68,1424.45508,467.48,13558.11377
69,1485.90515,573.562,17597.79903
70,1533.69971,250.821,6717.054057
71,1543.94128,164.517,4016.418168
72,1540.52734,146.536987,3612.841586
73,1535.40662,99.789,2605.532444
74,1533.69971,103.385,2677.61655
75,1535.40662,157.325,3836.077077
76,1549.06213,161.82,3970.740596
77,1572.95935,126.759,3264.363102
78,1591.73584,62.93,2508.132638
79,1339.10779,0,2063.033774
80,1086.47974,222.4796,4443.132425
81,1118.91162,426.621155,10400.96925
82,1147.92969,350.7751,8357.425272
83,1158.17151,351.991882,8442.8631
84,1153.05066,154.877213,2946.224631
85,1139.395,101.933281,1926.591839
86,1130.86035,91.13382,1712.094731
87,1130.86035,174.226425,3273.068663
88,1135.98108,201.12265,3956.72235
89,1139.395,204.760712,4060.08225
90,1139.395,217.278839,4427.804367
91,1144.51587,240.636978,5133.56025
92,1153.05066,273.944672,5843.482
93,1159.87842,292.923431,6382.275
94,1175.241,291.531281,6413.5625
95,1187.18958,264.902679,5702.686
96,1185.48254,237.927231,4941.36035
97,1187.18958,221.799866,4492.93359
98,1197.43127,223.79982,4574.352
99,1207.67285,226.548,4676.77051
100,1216.20764,222.952,4596.91455
101,1219.62146,215.76,4403.488
102,1217.91455,212.164,4298.346
103,1217.91455,211.265,4273.11426
104,1228.15625,204.073013,4096.54541
105,1234.984,187.890991,3659.22754
106,1231.57019,172.608,3288.302
107,1219.62146,165.416,3121.59375
108,1204.259,158.224,2953.84766
109,1200.84509,133.951,2511.375
110,1204.259,89.001,1727.33167
111,1205.966,38.657,1730.38049
112,1200.84509,59.334,1721.23364
113,1195.72424,89.8658,1712.08679
114,1192.31042,225.4946,4609.276
115,1187.18958,263.10672,5652.2793
116,1188.89648,185.909134,3489.8147
117,1200.84509,149.234009,2786.12939
118,1211.08679,145.638,2739.77515
119,1207.67285,182.497,3440.40552
120,1202.552,202.275,3982.865
121,1202.552,210.366,4209.95264
122,1192.31042,106.907791,2009.95349
123,1376.66052,0,2022.80664
124,1561.01074,-57.453064,0
125,1388.60925,-48.20265,0
126,1455.18,0,2144.10571
127,1521.751,-55.3919258,0
128,1291.31323,-41.3919258,0
129,1060.87549,-27.6959629,0
130,830.437744,-15.5979815,0
131,600,0,767
132,600,0,767
133,600,0,767
134,600,0,767
135,600,0,767
136,600,0,767
137,600,0,767
138,600,0,767
139,600,0,767
140,600,0,767
141,600,0,767
142,600,28.714,767
143,600,42.778,767
144,675.105652,186.396255,2143.428
145,789.471069,196.971191,2772.18384
146,856.041931,74.34148,993.1193
147,871.4045,0,998.946533
148,861.1628,0,995.061768
149,842.386353,0,987.939636
150,825.3169,0,981.465
151,798.0058,0,971.105652
152,743.3835,0,948.948669
153,692.1751,0,883.967041
154,673.3987,36.2892265,860.1404
155,699.002869,163.396408,1902.4353
156,765.5738,150.263351,1892.88574
157,832.1447,163.645828,2348.20557
158,866.2836,171.445618,2653.08936
159,881.6461,176.788528,2829.51318
160,907.250366,183.671768,3011.67749
161,960.1657,402.17038,8018.36
162,1030.15051,297.498444,6033.467
163,1079.652,147.635788,2555.89868
164,1091.60059,62.3229637,1551.70569
165,1069.41028,44.42764,1518.4967
166,994.3046,26.3806477,1337.61682
167,888.473938,15.4208422,1005.42114
168,808.247437,19.7672367,974.9904
169,768.9877,23.3214283,960.098755
170,755.3321,28.6902237,954.919067
171,750.2113,27.0912838,952.9767
172,745.090454,86.44937,951.0343
173,739.9696,207.056641,2712.45215
174,763.8669,145.617981,1820.23511
175,850.9211,128.377075,1669.33667
176,1018.20184,76.94768,1413.59351
177,1272.53687,29.667,1849.29
178,1265.70911,26.0710011,1837.09424
179,1257.17432,53.041,1821.84924
180,1323.74524,71.92,1940.75879
181,1252.05347,53.94,1812.70239
182,1306.67578,34.162,1910.26917
183,1361.2981,48.546,1999.07434
184,1262.29517,73.7179947,1830.99622
185,1240.10486,80.010994,1791.35974
186,1204.259,65.627,1727.33167
187,1084.77271,62.28473,1541.48743
188,852.628052,55.207737,991.824463
189,600,34.574,767
190,600,0,767
191,600,0,767
192,600,0,767
193,600,0,767
194,600,0,767
195,600,0,767
196,600,0,767
197,600,0,767
198,600,0,767
199,600,0,767
200,600,0,767
201,600,0,767
202,600,0,767
203,600,0,767
204,600,0,767
205,600,0,767
206,600,0,767
207,600,0,767
208,600,0,767
209,600,0,767
210,600,0,767
211,600,0,767
212,600,0,767
213,600,0,767
214,600,0,767
215,600,0,767
216,600,0,767
217,600,0,767
218,600,0,767
219,600,0,767
220,600,0,767
221,600,0,767
222,600,0,767
223,600,0,767
224,600,0,767
225,600,0,767
226,600,0,767
227,600,0,767
228,600,0,767
229,600,0,767
230,600,0,767
231,600,0,767
232,600,0,767
233,600,0,767
234,600,0,767
235,600,0,767
236,600,0,767
237,600,0,767
238,600,0,767
239,600,0,767
240,600,0,767
241,600,0,767
242,600,0,767
243,600,0,767
244,600,0,767
245,600,0,767
246,600,0,767
247,600,0,767
248,600,0,767
249,600,0,767
250,600,0,767
251,600,0,767
252,600,0,767
253,600,185.176,1824.045
254,760.452942,98.13526,1082.958
255,978.9421,146.949371,2426.25684
256,1163.29224,479.3939,11658.876
257,1345.93555,198.679,4252.49561
258,1279.36462,0,1861.48572
259,1214.50073,410.843018,9970.626
260,1412.50647,682.341,19613.377
261,1644.65112,630.0669,20298.7461
262,1834.12219,616.860962,21463.207
263,1897.27917,-76.80954,0
264,1868.26123,-74.77829,0
265,1769.25818,-68.386055,0
266,1641.2373,-61.66496,0
267,1555.88989,-57.18422,0
268,1521.751,-55.3919258,0
269,1504.68152,-54.49578,0
270,1467.12866,-52.5242538,0
271,1398.85083,-48.91956,0
272,1311.79663,-42.8257637,0
273,1212.7937,-35.89556,0
274,1098.42834,-29.6674881,0
275,953.3379,-22.05024,0
276,772.4016,-13.0340567,0
277,600,-7,0
278,600,0,767
279,600,0,767
280,600,0,767
281,600,0,767
282,600,0,767
283,600,0,767
284,600,0,767
285,600,0,767
286,600,0,767
287,600,0,767
288,600,0,767
289,600,0,767
290,600,0,767
291,600,0,767
292,600,0,767
293,600,0,767
294,600,0,767
295,600,0,767
296,600,0,767
297,600,0,767
298,600,0,767
299,600,0,767
300,600,0,767
301,600,0,767
302,600,0,767
303,600,0,767
304,600,0,767
305,600,0,767
306,600,0,767
307,600,0,767
308,600,0,767
309,600,0,767
310,600,0,767
311,600,0,767
312,600,0,767
313,600,0,767
314,600,0,767
315,600,0,767
316,600,0,767
317,600,0,767
318,600,0,767
319,600,0,767
320,600,0,767
321,600,0,767
322,600,0,767
323,600,0,767
324,676.812561,266.8717,3248.76318
325,893.5948,316.996368,5552.398
326,1113.79089,328.294,7168.43359
327,1299.848,311.953,7459.997
328,1453.47314,293.073975,7465.02832
329,1477.37048,0.899,2180.42261
330,1415.92029,-49.8358154,0
331,1286.19238,-41.0334663,0
332,1146.22278,-32.1766968,0
333,1016.49487,-25.36598,0
334,886.766968,-18.5552654,0
335,738.262634,-11.8391924,0
336,600,-7,0
337,600,0,767
338,600,0,767
339,600,0,767
340,600,0,767
341,600,0,767
342,600,0,767
343,600,0,767
344,600,0,767
345,600,0,767
346,600,0,767
347,600,0,767
348,600,0,767
349,600,0,767
350,600,0,767
351,600,0,767
352,600,0,767
353,600,0,767
354,600,2.93,767
355,600,28.714,767
356,757.039063,440.561859,6832.81641
357,982.355957,352.169983,7051.042
358,1223.0354,450.399,11191.9111
359,1414.21338,188.79,4104.656
360,1262.29517,0,1830.99622
361,1112.08386,330.027679,7209.50146
362,1231.57019,571.764,14751.748
363,1376.66052,816.292053,22264.9844
364,1530.28577,367.691,10304.8252
365,1383.4884,0,2033.35449
366,1234.984,427.025,10548.45
367,1359.59106,758.756042,20817.9063
368,1482.49121,291.276,7532.301
369,1591.73584,136.648,3362.76733
370,1383.4884,0,2033.35449
371,1173.53394,321.083984,7239.43652
372,1229.86328,602.33,15601.5615
373,1286.19238,761.453,20867.4277
374,1340.8147,757.857056,21356.61
375,1380.07446,757.857056,21749.748
376,1393.7301,-48.5611076,0
377,1386.90222,-48.0831528,0
378,1349.34949,-45.454464,0
379,1270.82983,-39.9580879,0
380,1402.26477,-49.1189,0
381,1531.99268,-55.929615,0
382,1658.30676,-62.5611076,0
383,1487.612,-53.5996323,0
384,1333.98694,-44.3790855,0
385,1178.65479,-33.8793755,0
386,1084.77271,-28.9505672,0
387,1035.27136,-26.3517475,0
388,1019.90881,97.30519,1575.35156
389,1030.15051,130.155563,2174.71069
390,1088.18665,252.7756,5047.6
391,1205.966,584.35,14938.4277
392,1347.64246,676.947,18851.3711
393,1473.95654,307.458,8026.55957
394,1294.72717,0,1888.92651
395,1117.20471,405.1389,9284.9375
396,1183.77563,745.9904,18574.3
397,1241.81177,766.847046,20541.5039
398,1296.43408,786.625,21771.1582
399,1364.71191,806.402954,23163.53
400,1463.71484,826.181,24935.59
401,1583.201,845.959,27203.42
402,1702.68726,396.8321,12288.5791
403,1480.7843,0,2186.63965
404,1260.58826,336.226,8015.687
405,1323.74524,631.997,17230.584
406,1393.7301,801.009,23315.66
407,1463.71484,844.161,25514.9883
408,1518.33716,296.67,7843.00928
409,1547.35522,182.497,4235.848
410,1552.47607,46.7479973,2317.20044
411,1545.64832,-56.6465378,0
412,1528.57886,-55.75039,0
413,1506.38843,-54.585392,0
414,1484.19824,-53.4204063,0
415,1458.594,-52.0761871,0
416,1426.162,-50.3735046,0
417,1383.4884,-47.84419,0
418,1335.69385,-44.49857,0
419,1284.48547,-40.9139824,0
420,1238.398,-37.6878548,0
421,1199.13818,-34.9547539,0
422,1159.87842,-32.89362,0
423,1373.2467,0,2017.53284
424,1586.615,-58.797287,0
425,1463.71484,-52.34503,0
426,1310.0896,-42.7062721,0
427,1417.62732,0,2086.09326
428,1525.16492,-55.57116,0
429,1421.04114,-50.10466,0
430,1402.26477,281.387,6909.59473
431,1436.40369,344.317,9050.907
432,1487.612,360.499,9834.288
433,1509.80237,130.355,3044.792
434,1497.85376,7.192,2217.72559
435,1450.0592,-51.62811,0
436,1470.5426,167.214,3708.83643
437,1571.25244,349.711,9919.214
438,1747.06787,398.59375,12616.998
439,1941.65979,185.151047,5388.401
440,1718.0498,0,2617.3208
441,1494.44,281.387,7255.653
442,1562.71777,540.299,16430.791
443,1619.047,262.007446,7070.06445
444,1369.83276,0,2012.25891
445,1122.32556,37.49701,1597.68726
446,1127.44641,75.02844,1605.35083
447,1120.61865,38.38393,1595.13269
448,1361.2981,0,1999.07434
449,1603.68445,-59.6934357,0
450,1540.52734,-56.3776855,0
451,1463.71484,-52.34503,0
452,1373.2467,-47.12727,0
453,1270.82983,-39.9580879,0
454,1438.1106,0,2117.73633
455,1603.68445,-59.6934357,0
456,1465.42175,-52.4346428,0
457,1323.74524,-43.6621666,0
458,1352.76331,0,1985.88953
459,1380.07446,-47.60521,0
460,1154.75757,-32.6247749,0
461,953.3379,-22.05024,0
462,770.694641,-12.9743118,0
463,600,0,767
464,600,8.79,767
465,615.3625,246.18132,2652.87
466,719.486267,318.065216,4346.42871
467,818.489136,371.914032,6116.29932
468,890.180847,412.046875,7648.057
469,956.7518,452.4649,9283.83
470,1055.75464,488.1032,11228.2061
471,1205.966,514.228,12939.9395
472,1400.55786,213.96199,4815.61768
473,1359.59106,0,1996.43726
474,1318.62439,410.843018,10547.9844
475,1549.06213,695.826,21589.168
476,1774.37915,883.3059,29408.2012
477,1994.57507,408.950836,14445.4561
478,1815.3457,0,2792.80176
479,1636.11646,343.072052,9992.146
480,1774.37915,642.1634,21891.54
481,1880.20972,-75.61468,0
482,1646.358,-61.9337959,0
483,1513.21631,-54.9438553,0
484,1383.4884,521.42,14305.54
485,1421.04114,719.2,20949.59
486,1443.23157,880.121033,25118.68
487,1448.35229,-51.5384941,0
488,1431.28284,-50.64235,0
489,1376.66052,-47.3662376,0
490,1289.60632,-41.27244,0
491,1448.35229,0,2133.558
492,1607.09839,-59.8726654,0
493,1434.69678,-50.82158,0
494,1282.77856,-40.7945,0
495,1171.827,-33.52092,0
496,1112.08386,-30.3844032,0
497,1096.72144,106.888527,1858.85925
498,1100.13525,359.968384,7999.28125
499,1118.91162,261.506256,5392.01953
500,1149.63672,137.825516,2493.74951
501,1178.65479,141.7722,2612.53174
502,1202.552,133.951,2514.42383
503,1221.32849,135.749008,2580.28662
504,1248.63965,137.547,2661.56
505,1287.89941,457.591,11783.6084
506,1333.98694,356.903,8973.01
507,1376.66052,185.194,3920.54077
508,1407.38562,185.194,3984.74561
509,1432.98975,198.679,4434.40869
510,1455.18,198.679,4500.37158
511,1477.37048,381.176025,10455.4355
512,1496.14685,286.781,7437.577
513,1516.63025,194.184,4526.15234
514,1540.52734,104.284004,2580.48535
515,1569.54553,51.243,2348.28613
516,1323.74524,0,1940.75879
517,1076.238,72.90612,1528.71484
518,1095.0144,141.605576,2471.95361
519,1118.91162,224.020737,4339.92627
520,1156.46448,541.7879,13413.6162
521,1204.259,653.573,16902.3145
522,1255.46741,792.917969,21499.9824
523,1299.848,585.248962,15633.8018
524,1332.28,230.144,5148.332
525,1354.47034,142.042,2981.37256
526,1366.419,26.0710011,2006.98511
527,1369.83276,-46.8882942,0
528,1364.71191,-46.5298347,0
529,1349.34949,-45.454464,0
530,1323.74524,-43.6621666,0
531,1286.19238,-41.0334663,0
532,1233.2771,-37.3293953,0
533,1402.26477,0,2062.36084
534,1572.95935,-58.0803642,0
535,1369.83276,-46.8882942,0
536,1156.46448,-32.714386,0
537,1398.85083,0,2057.087
538,1649.772,-62.11303,0
539,1567.83862,-57.8115273,0
540,1400.55786,-49.02929,0
541,1240.10486,-37.80734,0
542,1117.20471,-30.6532459,0
543,1065.99634,286.914337,5899.406
544,1125.7395,538.514648,13104.9121
545,1303.26184,560.076965,14901.4248
546,1214.50073,0,1745.62549
547,1125.7395,288.4581,6132.816
548,1178.65479,541.0673,13552.1885
549,1190.60339,344.927368,7976.593
550,1231.57019,149.234009,2842.37817
551,1328.86609,560.076965,15099.9082
552,1460.301,252.619,6213.75537
553,1284.48547,0,1870.63269
554,1110.377,71.34641,1579.80554
555,1154.75757,134.3071,2438.93677
556,1190.60339,566.7947,14349.3945
557,1226.44934,521.42,13277.9863
558,1272.53687,475.571,12213.6318
559,1330.573,429.722,11189.4629
560,1398.85083,383.873016,10112.4121
561,1465.42175,247.225,6061.413
562,1511.5094,186.093,4258.87061
563,1525.16492,117.769005,2821.609
564,1525.16492,3.596,2267.463
565,1511.5094,0,2242.59424
566,1477.37048,-53.06195,0
567,1431.28284,-50.64235,0
568,1378.36755,-47.48573,0
569,1323.74524,-43.6621666,0
570,1289.60632,-41.27244,0
571,1279.36462,52.1420021,1861.48572
572,1294.72717,356.903,8798.532
573,1347.64246,333.529,8305.288
574,1421.04114,351.508972,9211.782
575,1487.612,197.78,4566.327
576,1533.69971,118.668,2855.0918
577,1562.71777,118.668,2914.08643
578,1581.49414,59.334,2370.04614
579,1327.159,0,1946.33533
580,1072.8241,96.88202,1645.64685
581,1086.47974,189.552612,3391.55054
582,1098.42834,212.918945,4007.34619
583,1103.54919,135.475159,2376.01367
584,1106.963,78.457016,1574.69641
585,1118.91162,185.64267,3345.26025
586,1144.51587,204.854523,3884.81079
587,1185.48254,551.272949,13883.043
588,1234.984,688.634,18142.9512
589,1284.48547,247.225,5501.922
590,1322.03833,228.346,5070.575
591,1342.52161,287.68,6898.794
592,1347.64246,53.94,1977.97864
593,1342.52161,-44.9765129,0
594,1330.573,-44.14011,0
595,1311.79663,-42.8257637,0
596,1289.60632,-41.27244,0
597,1270.82983,-39.9580879,0
598,1264.0022,115.970993,2300.946
599,1265.70911,165.416,3235.38257
600,1277.65771,352.40802,8584.168
601,1306.67578,539.4,14330.207
602,1345.93555,489.955,13102.17
603,1388.60925,577.157959,16055.0342
604,1432.98975,658.967041,19025.3359
605,1470.5426,739.877,22142.36
606,1489.319,0,2202.18262
607,1487.612,-53.5996323,0
608,1468.83569,-52.6138725,0
609,1443.23157,-51.2696571,0
610,1415.92029,-49.8358154,0
611,1395.437,-48.68059,0
612,1407.38562,317.347,8035.397
613,1439.81763,666.159,19337.7559
614,1472.24951,855.847961,24961.93
615,1482.49121,-53.3307877,0
616,1467.12866,-52.5242538,0
617,1407.38562,-49.3877449,0
618,1313.50354,-42.9452477,0
619,1221.32849,-36.4929962,0
620,1127.44641,-31.190937,0
621,1035.27136,328.639832,6885.81641
622,1176.94788,344.507843,7915.93
623,1318.62439,-43.3037071,0
624,1182.06873,-34.05861,0
625,1163.29224,332.439484,7512.74658
626,1221.32849,345.216,8108.301
627,1339.10779,153.729,3180.60181
628,1209.37988,0,1736.47852
629,1079.652,103.167175,1767.3219
630,1223.0354,172.608,3267.23
631,1371.53979,74.6170044,2014.896
632,1223.0354,0,1760.87012
633,1076.238,289.846283,6008.828
634,1137.68811,532.832947,13025.126
635,1187.18958,585.4798,14849.1582
636,1231.57019,535.804,13739.74
637,1265.70911,440.51,11142.3877
638,1286.19238,-41.0334663,0
639,1279.36462,-40.5555229,0
640,1214.50073,-36.0150528,0
641,1106.963,-30.1155586,0
642,966.993469,-22.7671566,0
643,840.679443,-16.1356716,0
644,600,0,767
645,600,0,767
646,600,0,767
647,600,0,767
648,600,0,767
649,600,0,767
650,600,0,767
651,600,0,767
652,600,0,767
653,600,0,767
654,600,0,767
655,600,0,767
656,600,19.924,767
657,623.8973,133.3625,1275.276
658,772.4016,331.450745,4957.297
659,966.993469,86.18758,1250.78613
660,1149.63672,0,1638.55981
661,1322.03833,413.54,10650.63
662,1574.66638,666.159,20869.2461
663,1830.70825,299.8317,9222.95
664,1741.94714,0,2660.49316
665,1630.99561,374.615936,11104.3926
666,1779.49988,697.4475,23986.8164
667,1916.05554,331.200073,10835.0869
668,1677.08313,0,2543.17749
669,1438.1106,430.621,11839.9395
670,1511.5094,820.787048,23123.1738
671,1581.49414,770.443,24578.9648
672,1649.772,797.9123,26331.3145
673,1718.0498,763.1146,25835.3145
674,1786.32764,789.5963,27573.0781
675,1847.77771,660.104858,23218.752
676,1900.693,638.0406,22885.8984
677,1950.19446,650.1394,23838.85
678,1996.2821,667.453,25011.4727
679,2035.54187,328.788818,11344.8652
680,1788.03467,0,2743.5708
681,1538.82043,226.548,5611.45752
682,1552.47607,448.601,13201.252
683,1567.83862,417.136017,12212.56
684,1583.201,685.937,21661.0254
685,1596.85669,833.373,26970.0918
686,1612.21912,897.0024,28773.252
687,1625.87476,851.8377,28011.7422
688,1641.2373,418.0998,12673.1338
689,1395.437,0,2051.813
690,1151.34363,309.707184,6816.562
691,1158.17151,614.4184,15438.708
692,1156.46448,599.9965,15022.5488
693,1134.27417,-31.5493946,0
694,1079.652,-28.68173,0
695,1333.98694,0,1956.8833
696,1590.02881,-58.97651,0
697,1605.39136,-59.7830467,0
698,1443.23157,-51.2696571,0
699,1308.38269,-42.58679,0
700,1426.162,0,2099.27783
701,1543.94128,-56.5569153,0
702,1313.50354,-42.9452477,0
703,1139.395,-31.81824,0
704,1019.90881,-25.5452118,0
705,859.4558,-17.12143,0
706,719.486267,-11.1820192,0
707,600,0,767
708,600,0,767
709,600,0,767
710,600,0,767
711,600,0,767
712,600,0,767
713,600,0,767
714,600,0,767
715,600,0,767
716,600,0,767
717,600,0,767
718,600,0,767
719,600,0,767
720,600,0,767
721,600,0,767
722,600,0,767
723,600,0,767
724,600,0,767
725,600,0,767
726,600,0,767
727,600,0,767
728,600,0,767
729,600,0,767
730,600,0,767
731,600,0,767
732,600,0,767
733,600,0,767
734,600,0,767
735,600,0,767
736,600,0,767
737,600,0,767
738,600,0,767
739,600,0,767
740,600,0,767
741,600,0,767
742,600,0,767
743,600,0,767
744,600,0,767
745,600,0,767
746,600,0,767
747,600,0,767
748,600,0,767
749,600,0,767
750,600,0,767
751,600,0,767
752,600,0,767
753,600,0,767
754,600,0,767
755,600,0,767
756,600,0,767
757,600,0,767
758,600,0,767
759,600,0,767
760,600,0,767
761,600,0,767
762,600,0,767
763,600,0,767
764,600,0,767
765,600,0,767
766,600,0,767
767,600,0,767
768,600,0,767
769,600,0,767
770,600,0,767
771,600,128.92,1195.98486
772,676.812561,167.9339,1882.93384
773,864.57666,340.828827,5851.996
774,1120.61865,417.759949,9663.667
775,1376.66052,263.406982,6270.90674
776,1439.81763,122.264,2747.77539
777,1274.24377,0,1852.33887
778,1106.963,134.6251,2366.04834
779,1194.01733,241.702255,5068.385
780,1282.77856,122.264,2454.28223
781,1320.33142,-43.4232025,0
782,1318.62439,-43.3037071,0
783,1296.43408,-41.7503853,0
784,1243.5188,338.024,7991.999
785,1402.26477,314.65,7923.287
786,1432.98975,300.266022,7601.53662
787,1311.79663,-42.8257637,0
788,1072.8241,-28.3232651,0
789,893.5948,-18.9137268,0
790,838.9725,293.258331,4636.73633
791,914.0781,207.0025,3425.097
792,1071.11719,157.298019,2714.46948
793,1279.36462,61.132,1861.48572
794,1185.48254,0,1693.793
795,1089.89355,235.900742,4579.57
796,1308.38269,367.691,9173.585
797,1516.63025,157.325,3606.23682
798,1323.74524,0,1940.75879
799,1132.56726,243.954269,4943.563
800,1151.34363,476.197174,11481.4834
801,1188.89648,544.255737,13709.0742
802,1241.81177,611.32,15966.1055
803,1303.26184,677.846,18473.666
804,1381.78137,744.372,21345.3574
805,1492.73291,343.418,9267.411
806,1325.45215,0,1943.69849
807,1156.46448,273.132721,5833.395
808,1197.43127,520.402039,13068.3369
809,1214.50073,694.927,18151.81
810,1233.2771,870.232056,22241.0645
811,1275.95068,726.392,19716.6113
812,1340.8147,703.917053,19642.8672
813,1405.67871,659.866,18806.8262
814,1446.64539,601.431,17300.5156
815,1456.88708,557.38,15978.4619
816,1456.88708,518.723,14760.3359
817,1463.71484,558.279,16065.2793
818,1492.73291,565.471,16566.3223
819,1535.40662,337.125,9282.665
820,1572.95935,164.517,3898.05933
821,1322.03833,0,1937.70984
822,1071.11719,258.6086,5156.102
823,1084.77271,507.175659,11910.3721
824,1096.72144,461.40213,10748.1055
825,1105.2561,314.671417,6748.692
826,1106.963,296.8885,6291.46143
827,1108.67,157.829773,2785.85718
828,1103.54919,-29.9363327,0
829,1093.3075,-29.3986435,0
830,1333.98694,0,1956.8833
831,1574.66638,-58.1699867,0
832,1584.90808,-58.7076721,0
833,1555.88989,-57.18422,0
834,1518.33716,-55.2127,0
835,1473.95654,-52.8827171,0
836,1421.04114,-50.10466,0
837,1359.59106,-46.1713753,0
838,1298.14111,-41.8698769,0
839,1250.34656,-38.5242577,0
840,1234.984,383.873016,9297.578
841,1240.10486,636.492,16699.64
842,1267.416,436.914,11042.5176
843,1304.96887,0.899,1907.22021
844,1322.03833,-43.5426826,0
845,1316.91748,-43.1842232,0
846,1296.43408,-41.7503853,0
847,1258.88123,-39.121685,0
848,1205.966,-35.4176178,0
849,1147.92969,-32.2663078,0
850,1105.2561,-30.0259457,0
851,1091.60059,355.2409,7826.713
852,1098.42834,471.2725,11023.6631
853,1127.44641,679.7219,16941.35
854,1185.48254,686.846558,17696.3711
855,1253.76038,678.745,18015.8457
856,1325.45215,672.452,18521.084
857,1395.437,667.058,18946.2832
858,1465.42175,685.037964,20234.7754
859,1535.40662,675.149,20703.76
860,1601.97754,326.2724,9254.117
861,1371.53979,0,2014.896
862,1142.809,332.726,7426.748
863,1176.94788,638.7749,16264.4766
864,1205.966,417.136017,10110.4736
865,1224.74231,302.064,6879.439
866,1234.984,179.8,3433.93823
867,1234.984,-37.44888,0
868,1231.57019,-37.20991,0
869,1224.74231,-36.73196,0
870,1214.50073,-36.0150528,0
871,1204.259,-35.2981339,0
872,1192.31042,-34.5962944,0
873,1182.06873,-34.05861,0
874,1173.53394,-33.61053,0
875,1168.41309,-33.3416862,0
876,1164.99927,-33.16246,0
877,1158.17151,-32.8040047,0
878,1135.98108,-31.6390076,0
879,1368.12585,0,2009.62207
880,1598.5636,-59.4245872,0
881,1516.63025,-55.12309,0
882,1410.79956,-49.56698,0
883,1293.02014,-41.51141,0
884,1182.06873,-34.05861,0
885,1373.2467,0,2017.53284
886,1562.71777,-57.5426826,0
887,1470.5426,-52.7034874,0
888,1359.59106,-46.1713753,0
889,1221.32849,-36.4929962,0
890,1054.04773,-27.3375053,0
891,941.3893,-21.4229374,0
892,827.023865,-15.4187527,0
893,714.3654,-11.0027895,0
894,600,0,767
895,600,0,767
896,600,0,767
897,600,0,767
898,600,0,767
899,600,0,767
900,600,0,767
901,600,33.9880028,767
902,642.673645,173.55452,1831.84973
903,811.6613,221.114349,3212.47534
904,931.1476,252.519272,4299.96
905,1100.13525,277.9954,5777.737
906,1233.2771,93.4959946,1842.01416
907,1293.02014,44.0510025,1885.87732
908,1211.08679,0,1739.52747
909,1127.44641,67.88287,1605.35083
910,1204.259,124.062004,2339.69067
911,1223.0354,99.789,1936.85461
912,1296.43408,436.015,11186.5361
913,1450.0592,33.263,2136.19482
914,1303.26184,0,1904.17114
915,1158.17151,266.009155,5645.386
916,1272.53687,468.379,12005.3027
917,1432.98975,204.073013,4595.14844
918,1310.0896,0,1916.367
919,1188.89648,418.52005,10071.66
920,1277.65771,758.756042,19794.1387
921,1363.005,747.967957,21269.7285
922,1444.93848,709.311035,20853.3262
923,1492.73291,753.362,22866.3066
924,1511.5094,698.522949,21225.6133
925,1489.319,625.704,18487.2266
926,1417.62732,571.764,16106.1084
927,1392.02307,496.248016,13571.7012
928,1393.7301,481.863983,13153.34
929,1392.02307,560.076965,15565.0918
930,1386.90222,523.218,14387.9023
931,1388.60925,555.582,15404.3984
932,1407.38562,560.076965,15678.2451
933,1441.52454,513.329,14475.5322
934,1497.85376,522.319,15176.5918
935,1561.01074,503.44,15114.7295
936,1622.46082,243.978165,6459.20557
937,1381.78137,0,2030.71741
938,1142.809,257.59433,5359.52051
939,1158.17151,506.044342,12394.5107
940,1170.12012,563.0708,14099.2393
941,1190.60339,612.6053,15628.5283
942,1211.08679,616.714,15888.4727
943,1258.88123,584.35,15286.3037
944,1322.03833,556.481,14939.832
945,1352.76331,587.047,16089.22
946,1373.2467,568.168,15670.7842
947,1393.7301,275.094,6690.13428
948,1397.14392,99.789,2241.20239
949,1383.4884,144.739,3078.56763
950,1378.36755,195.982,4241.035
951,1383.4884,217.558014,4885.592
952,1393.7301,222.053009,5039.04639
953,1397.14392,222.053009,5046.17969
954,1398.85083,253.518,6034.78857
955,1405.67871,280.488,6893.86865
956,1412.50647,266.104,6476.60059
957,1422.74817,280.488,6951.434
958,1429.57593,301.165,7614.53857
959,1432.98975,-50.73196,0
960,1412.50647,-49.65659,0
961,1390.31616,-48.3221321,0
962,1371.53979,-47.0077858,0
963,1342.52161,-44.9765129,0
964,1306.67578,-42.4673042,0
965,1287.89941,-41.1529579,0
966,1272.53687,-40.07758,0
967,1248.63965,-38.4047737,0
968,1219.62146,-36.3735046,0
969,1202.552,52.1420021,1724.28259
970,1204.259,271.498016,5949.89746
971,1224.74231,499.844,12634.2568
972,1258.88123,436.015,10964.5859
973,1281.07166,375.781982,9278.573
974,1287.89941,343.418,8358.67
975,1296.43408,314.65,7526.08252
976,1315.21057,291.276,6903.834
977,1337.40088,237.336,5370.318
978,1342.52161,-44.9765129,0
979,1332.28,-44.2596,0
980,1308.38269,-42.58679,0
981,1298.14111,-41.8698769,0
982,1291.31323,-41.3919258,0
983,1274.24377,-40.1970634,0
984,1253.76038,-38.7632256,0
985,1229.86328,-37.0904274,0
986,1204.259,-35.2981339,0
987,1188.89648,-34.4170647,0
988,1178.65479,-33.8793755,0
989,1156.46448,-32.714386,0
990,1127.44641,-31.190937,0
991,1110.377,-30.29479,0
992,1098.42834,-29.6674881,0
993,1352.76331,0,1985.88953
994,1608.8053,-59.96228,0
995,1569.54553,-57.90114,0
996,1513.21631,-54.9438553,0
997,1415.92029,-49.8358154,0
998,1315.21057,-43.064743,0
999,1212.7937,-35.89556,0
1000,1356.17725,0,1991.16345
1001,1497.85376,-54.13732,0
1002,1340.8147,-44.85703,0
1003,1463.71484,0,2157.29053
1004,1586.615,-58.797287,0
1005,1480.7843,-53.2411766,0
1006,1364.71191,-46.5298347,0
1007,1429.57593,0,2104.55176
1008,1494.44,-53.9580956,0
1009,1374.95361,-47.2467537,0
1010,1234.984,-37.44888,0
1011,1048.92688,-27.06866,0
1012,905.5434,-19.541029,0
1013,876.5253,15.275548,1000.88892
1014,903.8364,61.60915,1049.99023
1015,1030.15051,159.374176,2692.85425
1016,1277.65771,58.435,1858.43689
1017,1258.88123,0,1824.89819
1018,1238.398,48.546,1788.31079
1019,1340.8147,87.2029953,1967.431
1020,1400.55786,141.143,3042.477
1021,1496.14685,117.769005,2768.763
1022,1559.30383,56.637,2329.63452
1023,1351.0564,0,1983.25269
1024,1142.809,186.934769,3417.61255
1025,1260.58826,326.337,7716.05
1026,1414.21338,427.025,11575.9258
1027,1530.28577,197.78,4673.53174
1028,1304.96887,0,1907.22021
1029,1079.652,238.351746,4625.217
1030,1139.395,439.9226,10403.1172
1031,1188.89648,354.75415,8248.79
1032,1221.32849,215.76,4407.70264
1033,1226.44934,-36.85145,0
1034,1205.966,-35.4176178,0
1035,1176.94788,-33.7897644,0
1036,1175.241,177.609818,3251.18555
1037,1202.552,315.548981,7187.02
1038,1248.63965,304.761017,7033.974
1039,1284.48547,310.155,7335.168
1040,1320.33142,363.196,9101.134
1041,1371.53979,395.56,10339.8105
1042,1424.45508,322.741028,8292.11
1043,1455.18,266.104,6620.51367
1044,1492.73291,346.115,9361.536
1045,1543.94128,518.723,15490.7109
1046,1572.95935,455.793,13578.41
1047,1584.90808,226.548,5785.31641
1048,1332.28,0,1954.24634
1049,1081.35889,139.652863,2416.88916
1050,1098.42834,271.716644,5608.82861
1051,1130.86035,469.9646,11177.2432
1052,1170.12012,544.242,13575.9131
1053,1197.43127,551.859863,13976.3154
1054,1202.552,163.618011,3047.77075
1055,1200.84509,133.951,2511.375
1056,1195.72424,105.142982,2024.01048
1057,1188.89648,115.856415,2208.02664
1058,1182.06873,139.12265,2622.227506
1059,1171.827,-33.52092,0
1060,1142.809,-31.99747,0
1061,1113.79089,-30.4740219,0
1062,1105.2561,91.81631,1636.438091
1063,1112.08386,236.37117,4757.76654
1064,1129.15332,167.946457,3061.524523
1065,1137.68811,236.914,4857.779886
1066,1141.102,-31.9078579,0
1067,1137.68811,-31.7286263,0
1068,1122.32556,-30.9220924,0
1069,1112.08386,-30.3844032,0
1070,1112.08386,-30.3844032,0
1071,1101.84216,-29.846714,0
1072,1356.17725,0,2030.986719
1073,1610.51221,-60.05189,0
1074,1595.14966,-59.2453575,0
1075,1574.66638,-58.1699867,0
1076,1545.64832,-56.6465378,0
1077,1513.21631,-54.9438553,0
1078,1479.07739,-53.1515656,0
1079,1448.35229,-51.5384941,0
1080,1417.62732,-49.9254341,0
1081,1392.02307,-48.4416161,0
1082,1376.66052,-47.3662376,0
1083,1371.53979,-47.0077858,0
1084,1356.17725,-45.9324074,0
1085,1344.22852,-45.0959969,0
1086,1335.69385,-44.49857,0
1087,1325.45215,230.144,5236.74528
1088,1339.10779,231.043,5292.790455
1089,1390.31616,215.76,4943.978352
1090,1415.92029,185.194,4082.631926
1091,1405.67871,34.162,2108.987465
1092,1378.36755,39.556,2065.952605
1093,1361.2981,36.8589973,2039.055827
1094,1352.76331,-45.69343,0
1095,1332.28,-44.2596,0
1096,1298.14111,-41.8698769,0
1097,1269.12292,-39.8386078,0
1098,1231.57019,-37.20991,0
1099,1199.13818,17.97862,1752.548506
1100,1207.67285,389.267,9512.39862
1101,1260.58826,427.923981,10941.81397
1102,1304.96887,363.196,9210.7479
1103,1327.159,410.843018,10807.8588
1104,1349.34949,389.267,10242.6258
1105,1400.55786,370.388,9902.35686
1106,1494.44,360.499,10069.30638
1107,1561.01074,353.307,10188.11088
1108,1579.78723,229.245,5972.55798
1109,1576.37329,228.346,5929.008488
1110,1572.95935,228.346,5915.8725
1111,1569.54553,227.446991,5872.323284
1112,1561.01074,227.446991,5839.483068
1113,1549.06213,226.548,5763.09486
1114,1559.30383,226.548,5802.50256
1115,1590.02881,111.476,2889.03168
1116,1340.8147,0,2006.77962
1117,1091.60059,233.265961,4605.47034
1118,1127.44641,445.704681,10707.93113
1119,1151.34363,362.518524,8468.04714
1120,1154.75757,111.027191,2060.823963
1121,1153.05066,109.219772,2024.811068
1122,1147.92969,57.2693977,1668.725233
1123,1129.15332,110.7732,2015.809119
1124,1113.79089,165.039108,2982.38363
1125,1118.91162,317.734558,7031.940761
1126,1132.56726,268.97522,5758.733728
1127,1137.68811,275.356628,5947.14468
1128,1137.68811,240.490051,4960.15494
1129,1141.102,303.1637,6716.620807
1130,1146.22278,267.514648,5761.972534
1131,1147.92969,-32.2663078,0
1132,1135.98108,-31.6390076,0
1133,1117.20471,-30.6532459,0
1134,1108.67,-30.2051773,0
1135,1356.17725,0,2030.986719
1136,1605.39136,-59.7830467,0
1137,1489.319,-53.6892433,0
1138,1352.76331,-45.69343,0
1139,1482.49121,0,2233.543256
1140,1610.51221,-60.05189,0
1141,1405.67871,-49.2981339,0
1142,1199.13818,0,1752.548506
1143,994.3046,-24.2009926,0
1144,823.61,-15.2395239,0
1145,685.3473,-9.987155,0
1146,600,0,782.34
1147,600,0,782.34
1148,600,0,782.34
1149,600,0,782.34
1150,600,0,782.34
1151,600,0,782.34
1152,600,0,782.34
1153,600,0,782.34
1154,600,0,782.34
1155,600,0,782.34
1156,600,0,782.34
1157,600,0,782.34
1158,600,0,782.34
1159,600,0,782.34
1160,600,0,782.34
1161,600,0,782.34
1162,600,0,782.34
1163,600,0,782.34
1164,600,0,782.34
1165,600,0,782.34
1166,600,0,782.34
1167,600,0,782.34
1168,600,0,782.34
1169,600,0,782.34
1170,600,0,782.34
1171,600,0,782.34
1172,600,0,782.34
1173,600,0,782.34
1174,600,0,782.34
1175,600,0,782.34
1176,600,0,782.34
1177,600,0,782.34
1178,600,0,782.34
1179,600,0,782.34
1180,600,0,782.34
1181,600,0,782.34
1182,600,0,782.34
1183,600,0,782.34
1184,600,0,782.34
1185,600,0,782.34
1186,600,0,782.34
1187,600,0,782.34
1188,600,0,782.34
1189,600,0,782.34
1190,600,0,782.34
1191,600,0,782.34
1192,600,0,782.34
1193,600,0,782.34
1194,600,0,782.34
1195,600,0,782.34
1196,600,119.544,1114.49331
1197,815.075256,315.035065,4999.97725
1198,1065.99634,181.209045,3207.833261
1199,1289.60632,68.324,1917.375131
1200,1386.90222,-48.0831528,0
1201,1361.2981,-46.2908669,0
1202,1328.86609,132.153,2808.22116
1203,1332.28,65.627,1993.331267
1204,1216.20764,0,1783.647806
1205,1100.13525,133.651627,2385.338483
1206,1347.64246,203.174,4475.8773
1207,1537.11353,89.001,2335.00746
1208,1366.419,0,2047.124812
1209,1195.72424,425.9639,10520.8716
1210,1328.86609,743.472961,20792.47285
1211,1487.612,729.988,22457.8859
1212,1654.89282,739.387268,24763.11977
1213,1817.05273,343.5375,11098.38193
1214,1591.73584,0,2436.471705
1215,1366.419,382.075,10101.16404
1216,1390.31616,748.867,21504.33921
1217,1398.85083,666.159,19325.93398
1218,1421.04114,680.542969,20030.58466
1219,1462.00793,681.442,20480.13977
1220,1514.92322,689.532959,21373.62784
1221,1571.25244,693.128967,22200.9375
1222,1627.58167,705.5593,23243.74807
1223,1687.32483,695.089844,23475.1164
1224,1747.06787,705.068054,24448.24454
1225,1806.811,711.9576,25315.24454
1226,1864.84717,707.128235,25711.3492
1227,1922.88342,722.1337,26948.25057
1228,1979.21265,732.6591,28008.87125
1229,2035.54187,687.927368,26777.63762
1230,2091.871,730.4848,29307.98079
1231,2144.78638,746.6506,30733.35103
1232,2195.99487,755.3604,33072.52386
1233,2252.324,750.9758,34897.9332
1234,2306.94629,-107.3578,0
1235,2238.66846,-101.383492,0
1236,1997.989,-83.85923,0
1237,1762.43042,-68.0275955,0
1238,1591.73584,761.453,20742.01079
1239,1598.5636,767.746033,25186.96557
1240,1615.633,768.3396,25386.50705
1241,1641.2373,775.319946,25903.23466
1242,1668.54834,774.977,26209.98773
1243,1694.15259,780.101,26712.0966
1244,1716.3429,777.462952,26877.77296
1245,1738.5332,778.3752,27164.6706
1246,1762.43042,384.705841,12421.8864
1247,1542.23438,0,2344.519807
1248,1322.03833,334.428,8407.45812
1249,1333.98694,661.664,18618.91262
1250,1342.52161,585.248962,16278.75477
1251,1347.64246,477.369,12992.15738
1252,1349.34949,490.853973,13412.85159
1253,1349.34949,370.388,9653.80224
1254,1347.64246,312.852,7832.3505
1255,1344.22852,272.397,6570.305102
1256,1339.10779,196.881,4269.114875
1257,1330.573,178.901,3722.708892
1258,1322.03833,-43.5426826,0
1259,1306.67578,-42.4673042,0
1260,1286.19238,-41.0334663,0
1261,1260.58826,-39.24118,0
1262,1233.2771,-37.3293953,0
1263,1207.67285,-35.5371,0
1264,1183.77563,-34.14822,0
1265,1161.58533,-32.98323,0
1266,1142.809,-31.99747,0
1267,1124.03259,-31.0117111,0
1268,1105.2561,-30.0259457,0
1269,1289.60632,0,1917.375131
1270,1473.95654,-52.8827171,0
1271,1446.64539,-51.4488831,0
1272,1419.33423,-50.0150452,0
1273,1392.02307,-48.4416161,0
1274,1368.12585,-46.76881,0
1275,1344.22852,-45.0959969,0
1276,1322.03833,-43.5426826,0
1277,1299.848,-41.98936,0
1278,1275.95068,-40.3165474,0
1279,1253.76038,-38.7632256,0
1280,1233.2771,-37.3293953,0
1281,1212.7937,-35.89556,0
1282,1190.60339,-34.5066757,0
1283,1163.29224,-33.07284,0
1284,1130.86035,-31.3701687,0
1285,1098.42834,-29.6674881,0
1286,1339.10779,0,2004.089951
1287,1579.78723,294.871979,8213.35416
1288,1622.46082,586.623962,18923.9425
1289,1656.59985,680.262451,22597.692
1290,1719.75671,654.6195,22295.34921
1291,1793.15552,699.1215,24670.65636
1292,1864.84717,708.872131,25780.16728
1293,1936.53906,717.0879,26892.1164
1294,2009.93762,731.187,28327.54363
1295,2085.04321,742.123169,29739.81125
1296,2156.735,735.287231,30642.8808
1297,2226.72,362.353729,14379.42909
1298,1982.62646,0,3200.594403
1299,1736.82617,338.713928,10548.6308
1300,1759.0166,667.9398,23160.7218
1301,1767.55127,711.5559,24902.51909
1302,1777.793,754.9638,26670.30455
1303,1794.86243,751.0059,26692.1862
1304,1822.17358,754.1124,27097.45546
1305,1851.19165,753.2442,27415.18943
1306,1876.7959,752.765,27699.375
1307,1902.40015,371.798859,12672.8982
1308,1680.49707,0,2600.343324
1309,1460.301,190.588013,4348.4895
1310,1463.71484,380.277,10553.90114
1311,1463.71484,482.763,13939.62386
1312,1460.301,809.998962,23559.53966
1313,1462.00793,872.929,26515.80046
1314,1470.5426,899,27474.1998
1315,1485.90515,899,27908.24785
1316,1497.85376,899,28179.29102
1317,1501.2677,291.276,7755.194966
1318,1414.21338,0,2122.435727
1319,1327.159,246.326,5725.282909
1320,1318.62439,480.965,12918.37864
1321,1313.50354,400.055,10391.60159
1322,1306.67578,369.488983,9401.22984
1323,1299.848,188.79,3921.498579
1324,1287.89941,0,1914.265324
1325,1270.82983,8.99,1883.165657
1326,1253.76038,136.648,2710.19304
1327,1241.81177,519.622,13589.70103
1328,1236.69092,658.068,17628.72375
1329,1236.69092,537.602,14102.81488
1330,1238.398,469.278,12066.16375
1331,1238.398,151.931,2968.90225
1332,1233.2771,308.357,7226.689045
1333,1226.44934,466.581024,11914.44568
1334,1217.91455,227.446991,4821.834341
1335,1207.67285,-35.5371,0
1336,1190.60339,-34.5066757,0
1337,1166.70618,-33.2520752,0
1338,1139.395,-31.81824,0
1339,1113.79089,-30.4740219,0
1340,1091.60059,-29.30903,0
1341,1077.945,262.3245,5388.12858
1342,1088.18665,890.054932,16515.92466
1343,1091.60059,866.289246,20561.70193
1344,1091.60059,653.5008,16262.79034
1345,1105.2561,507.218262,12294.05796
1346,1117.20471,818.3091,19251.25285
1347,1129.15332,808.4657,20977.1976
1348,1142.809,730.745,18884.87762
1349,1156.46448,711.936157,18496.95693
1350,1171.827,779.2724,20604.45625
1351,1190.60339,898.2483,22993.56114
1352,1207.67285,707.513,18838.81432
1353,1221.32849,453.995,11511.70705
1354,1231.57019,512.43,13303.79329
1355,1236.69092,621.209,16548.74897
1356,1241.81177,445.005,11361.36466
1357,1245.22571,399.156,9974.60448
1358,1245.22571,390.166016,9713.87718
1359,1245.22571,312.852,7396.042909
1360,1241.81177,215.76,4547.4405
1361,1234.984,-37.44888,0
1362,1219.62146,-36.3735046,0
1363,1199.13818,-34.9547539,0
1364,1175.241,-33.70015,0
1365,1153.05066,-32.53516,0
1366,1130.86035,-31.3701687,0
1367,1110.377,-30.29479,0
1368,1089.89355,-29.2194118,0
1369,1095.0144,521.8923,12653.4825
1370,1106.963,789.027954,19263.62636
1371,1129.15332,770.9458,19879.69045
1372,1142.809,388.180359,9130.81968
1373,1141.102,-31.9078579,0
1374,1110.377,-30.29479,0
1375,1286.19238,0,1911.15515
1376,1460.301,-52.1658058,0
1377,1417.62732,-49.9254341,0
1378,1368.12585,-46.76881,0
1379,1333.98694,-44.3790855,0
1380,1293.02014,-41.51141,0
1381,1547.35522,0,2354.032
1382,1801.69019,367.27832,11959.1022
1383,1852.89868,726.8303,26358.53716
1384,1863.14026,729.998169,26601.7938
1385,1878.50281,362.794,12181.2633
1386,1624.16785,0,2496.35718
1387,1369.83276,373.983978,9865.37982
1388,1414.21338,756.957947,21676.04387
1389,1460.301,451.298,12902.35159
1390,1504.68152,234.639,5883.5844
1391,1615.633,0,2480.601648
1392,1729.99841,340.723267,10599.28022
1393,1733.41235,680.3235,23398.91353
1394,1753.89563,885.1494,30117.05591
1395,1767.55127,677.083,23579.31613
1396,1764.13733,417.355469,13660.6662
1397,1777.793,718.760864,25290.3798
1398,1789.74158,358.060852,11547.78659
1399,1533.69971,0,2328.665977
1400,1279.36462,178.901,3596.888557
1401,1219.62146,359.6,8707.04538
1402,1226.44934,534.006042,13926.25523
1403,1224.74231,696.725,18663.18103
1404,1228.15625,847.757,22728.03443
1405,1228.15625,899,24106.64818
1406,1221.32849,899,24556.07966
1407,1219.62146,716.503,19247.3542
1408,1226.44934,445.005,11268.75182
1409,1224.74231,353.307,8536.47282
1410,1236.69092,564.572,14875.55944
1411,1250.34656,659.866,17789.51716
1412,1265.70911,655.371033,17782.4148
1413,1286.19238,647.28,17712.44147
1414,1308.38269,640.087952,17682.01273
1415,1332.28,694.927,19672.84761
1416,1357.88416,688.634,19692.732
1417,1374.95361,387.469,10310.82443
1418,1373.2467,484.561,13370.60727
1419,1369.83276,582.552,16400.98341
1420,1393.7301,667.058,19310.4054
1421,1414.21338,676.048,19805.26432
1422,1421.04114,678.745,19968.35273
1423,1429.57593,681.442,20148.876
1424,1434.69678,685.937,20356.7622
1425,1451.76624,678.745,20282.1798
1426,1460.301,676.048,20276.00625
1427,1472.24951,670.654,20214.90193
1428,1485.90515,674.25,20500.3986
1429,1499.56067,334.428,9180.58242
1430,1310.0896,0,1954.69434
1431,1118.91162,326.6597,7288.764613
1432,1120.61865,653.4194,16494.20784
1433,1117.20471,728.1791,18561.6846
1434,1118.91162,797.014038,20526.73296
1435,1137.68811,808.189636,21065.36477
1436,1158.17151,792.6535,20841.88715
1437,1175.241,871.9027,22940.41761
1438,1200.84509,896.303,23870.18545
1439,1219.62146,888.212036,24372.24455
1440,1243.5188,899,24723.19034
1441,1269.12292,899,25047.69977
1442,1298.14111,899,25387.31193
1443,1323.74524,894.505,25723.5126
1444,1347.64246,887.313,25920.86954
1445,1374.95361,874.727051,25865.48477
1446,1402.26477,868.43396,26016.93875
1447,1415.92029,864.837952,26077.8912
1448,1432.98975,865.737,26331.3816
1449,1462.00793,854.949,25840.6738
1450,1470.5426,862.141,26182.375
1451,1487.612,847.757,25943.6738
1452,1497.85376,850.454,26165.4727
1453,1504.68152,588.845,17428.3672
1454,1508.09546,0,2236.3772
1455,1508.09546,-54.6750145,0
1456,1497.85376,-54.13732,0
1457,1489.319,-53.6892433,0
1458,1484.19824,-53.4204063,0
1459,1475.66345,-52.972332,0
1460,1465.42175,-52.4346428,0
1461,1465.42175,-52.4346428,0
1462,1450.0592,-51.62811,0
1463,1443.23157,-51.2696571,0
1464,1441.52454,-51.18004,0
1465,1438.1106,-51.0008049,0
1466,1438.1106,-51.0008049,0
1467,1438.1106,74.6170044,2117.73633
1468,1434.69678,151.032,3311.15576
1469,1432.98975,191.487,4223.124
1470,1438.1106,198.679,4445.11
1471,1443.23157,236.437,5647.356
1472,1450.0592,352.40802,9379.117
1473,1460.301,749.766,21716.35
1474,1477.37048,814.493958,24736.89
1475,1492.73291,843.262,25866.2676
1476,1509.80237,845.06,26149.0254
1477,1525.16492,845.959,26380.33
1478,1537.11353,847.757,26595.6445
1479,1550.76917,850.454,26882.5332
1480,1557.59692,853.151,27074.9043
1481,1561.01074,774.938,24466.5078
1482,1559.30383,576.259,17580.03
1483,1555.88989,414.439,12034.5234
1484,1559.30383,300.266022,8127.81836
1485,1564.42468,212.164,5230.97656
1486,1561.01074,167.214,3924.40942
1487,1550.76917,145.638,3447.74219
1488,1555.88989,142.941,3404.239
1489,1554.183,195.982,4677.029
1490,1552.47607,187.890991,4418.32373
1491,1545.64832,165.416,3848.23779
1492,1550.76917,225.649,5626.71533
1493,1555.88989,249.02301,6421.27051
1494,1552.47607,201.375992,4842.352
1495,1557.59692,179.8,4178.881
1496,1550.76917,156.426,3673.21118
1497,1554.183,187.890991,4422.612
1498,1555.88989,205.871,4992.27148
1499,1555.88989,189.689011,4483.4375
1500,1540.52734,172.608,3985.68579
1501,1549.06213,217.558014,5351.925
1502,1545.64832,230.144,5756.482
1503,1550.76917,222.053009,5507.448
1504,1554.183,215.76,5311.608
1505,1545.64832,211.265,5136.154
1506,1550.76917,277.791,7351.15674
1507,1545.64832,382.075,10860.6982
1508,1543.94128,231.941986,5809.67529
1509,1545.64832,11.6869993,2304.766
1510,1538.82043,-56.28807,0
1511,1528.57886,-55.75039,0
1512,1525.16492,-55.57116,0
1513,1513.21631,-54.9438553,0
1514,1494.44,-53.9580956,0
1515,1484.19824,-53.4204063,0
1516,1465.42175,-52.4346428,0
1517,1451.76624,-51.7177277,0
1518,1438.1106,-51.0008049,0
1519,1414.21338,-49.7462044,0
1520,1407.38562,-49.3877449,0
1521,1400.55786,-49.02929,0
1522,1400.55786,-49.02929,0
1523,1405.67871,-49.2981339,0
1524,1415.92029,-49.8358154,0
1525,1422.74817,0,2094.00415
1526,1432.98975,206.77,4679.954
1527,1438.1106,610.421,17515.52
1528,1443.23157,662.563,19249.918
1529,1450.0592,674.25,19714.8672
1530,1460.301,681.442,20061.4746
1531,1477.37048,664.361,19664.1934
1532,1492.73291,649.078,19323.1953
1533,1509.80237,640.087952,19215.4727
1534,1531.99268,640.087952,19472.0137
1535,1545.64832,617.613,18857.6016
1536,1567.83862,602.33,18583.6543
1537,1576.37329,580.753967,17933.3945
1538,1578.0802,556.481,17110.5879
1539,1572.95935,534.905,16339.4326
1540,1567.83862,512.43,15497.3135
1541,1567.83862,627.502,19457.4023
1542,1569.54553,525.915,15989.5166
1543,1569.54553,424.328,12475.2441
1544,1572.95935,346.115,9803.108
1545,1572.95935,294.871979,8014.727
1546,1569.54553,271.498016,7217.257
1547,1572.95935,242.73,6276.94434
1548,1571.25244,235.53801,6031.971
1549,1567.83862,235.53801,6019.093
1550,1572.95935,239.134,6157.67725
1551,1567.83862,249.922,6496.16162
1552,1567.83862,267.003021,7062.68262
1553,1569.54553,288.578979,7776.31152
1554,1564.42468,313.751,8626.63
1555,1566.13159,313.751,8636.024
1556,1561.01074,321.84198,8890.214
1557,1566.13159,329.034,9169.401
1558,1559.30383,338.024,9445.571
1559,1566.13159,343.418,9671.402
1560,1559.30383,340.721,9539.697
1561,1566.13159,337.125,9451.777
1562,1562.71777,329.933,9181.987
1563,1564.42468,312.852,8595.254
1564,1564.42468,321.84198,8909.005
1565,1564.42468,325.438019,9034.507
1566,1564.42468,329.933,9191.382
1567,1567.83862,339.822,9555.298
1568,1567.83862,339.822,9555.298
1569,1566.13159,329.034,9169.401
1570,1569.54553,324.539,9031.316
1571,1564.42468,330.832,9222.757
1572,1571.25244,322.741028,8977.962
1573,1567.83862,314.65,8676.795
1574,1564.42468,323.64,8971.756
1575,1562.71777,328.135,9119.236
1576,1564.42468,341.62,9599.258
1577,1564.42468,358.701019,10195.3848
1578,1562.71777,378.478973,10836.8193
1579,1564.42468,422.53,12376.5615
1580,1562.71777,431.52,12677.9082
1581,1557.59692,441.409,12986.583
1582,1562.71777,439.611023,12959.9258
1583,1562.71777,433.318,12740.5791
1584,1564.42468,434.21698,12783.918
1585,1564.42468,430.621,12658.5781
1586,1566.13159,420.732,12325.8945
1587,1566.13159,415.338,12137.8848
1588,1564.42468,399.156,11561.8477
1589,1569.54553,385.671021,11127.834
1590,1564.42468,384.772,11060.4854
1591,1567.83862,388.368,11209.835
1592,1564.42468,384.772,11060.4854
1593,1571.25244,379.378021,10920.4912
1594,1564.42468,387.469,11154.49
1595,1564.42468,385.671021,11091.8213
1596,1567.83862,383.873016,11053.1592
1597,1566.13159,373.085,10678.8662
1598,1571.25244,375.781982,10795.4229
1599,1566.13159,376.681,10796.6953
1600,1567.83862,382.974,11021.8232
1601,1567.83862,382.974,11021.8232
1602,1567.83862,373.085,10688.2617
1603,1567.83862,379.378021,10896.4834
1604,1564.42468,379.378021,10875.6729
1605,1569.54553,376.681,10815.4863
1606,1564.42468,377.58,10816.7568
1607,1567.83862,378.478973,10865.1475
1608,1562.71777,376.681,10777.9053
1609,1567.83862,385.671021,11115.83
1610,1567.83862,375.781982,10776.6328
1611,1567.83862,376.681,10806.0908
1612,1569.54553,377.58,10845.8164
1613,1567.83862,373.085,10688.2617
1614,1566.13159,376.681,10796.6953
1615,1569.54553,373.983978,10727.1133
1616,1566.13159,373.983978,10708.3232
1617,1571.25244,377.58,10857.82
1618,1567.83862,365.893,10452.6045
1619,1567.83862,353.307,10025.9248
1620,1564.42468,372.186,10640.0146
1621,1562.71777,403.651,11706.52
1622,1569.54553,406.348,11848.541
1623,1566.13159,391.964,11323.17
1624,1569.54553,379.378021,10908.4873
1625,1564.42468,380.277,10905.13
1626,1564.42468,399.156,11561.8477
1627,1571.25244,405.448975,11829.209
1628,1562.71777,404.55,11737.8545
1629,1567.83862,416.237,12181.2236
1630,1567.83862,409.045,11930.543
1631,1569.54553,404.55,11785.87
1632,1567.83862,403.651,11742.5322
1633,1566.13159,406.348,11824.5322
1634,1569.54553,413.54,12099.2227
1635,1564.42468,418.934,12251.2207
1636,1566.13159,434.21698,12795.9219
1637,1562.71777,436.914,12865.92
1638,1566.13159,452.197,13415.9609
1639,1561.01074,466.581024,13837.68
1640,1564.42468,486.358978,14544.6279
1641,1561.01074,493.551025,14765.7588
1642,1562.71777,494.45,14813.8174
1643,1562.71777,505.238,15194.5137
1644,1559.30383,526.813965,15923.2373
1645,1559.30383,531.30896,16081.86
1646,1559.30383,561.875,17088.3145
1647,1562.71777,564.572,17213.83
1648,1555.88989,581.652954,17727.791
1649,1562.71777,589.743958,18087.5762
1650,1559.30383,608.623,18703.42
1651,1554.183,619.411,19018.6816
1652,1557.59692,619.411,19058.15
1653,1552.47607,624.805,19186.18
1654,1555.88989,627.502,19319.2637
1655,1559.30383,623.007,19202.7051
1656,1559.30383,627.502,19358.7324
1657,1562.71777,622.108,19210.9668
1658,1561.01074,617.613,19035.2051
1659,1559.30383,623.906,19233.91
1660,1559.30383,624.805,19265.1152
1661,1559.30383,629.3,19421.14
1662,1562.71777,626.602966,19366.9922
1663,1559.30383,631.097961,19482.6973
1664,1562.71777,633.795,19613.6836
1665,1557.59692,633.795,19554.4824
1666,1564.42468,626.602966,19386.7266
1667,1559.30383,623.007,19202.7051
1668,1564.42468,637.391,19755.4434
1669,1562.71777,636.492,19705.2031
1670,1561.01074,639.188965,19776.9844
1671,1562.71777,638.29,19766.2148
1672,1567.83862,616.714,19082.9375
1673,1569.54553,616.714,19102.6719
1674,1566.13159,611.32,18875.9727
1675,1569.54553,585.248962,18010.4844
1676,1571.25244,547.491,16742.5254
1677,1574.66638,516.026,15689.5479
1678,1574.66638,488.156982,14706.0811
1679,1572.95935,436.914,12937.9443
1680,1579.78723,396.458984,11575.8789
1681,1579.78723,361.398,10371.084
1682,1583.201,331.731018,9357.479
1683,1581.49414,307.458,8500.955
1684,1579.78723,279.589,7519.11865
1685,1581.49414,232.841,5981.156
1686,1581.49414,186.093,4434.686
1687,1583.201,147.435989,3566.79541
1688,1583.201,111.476,2815.23145
1689,1583.201,80.010994,2373.15479
1690,1581.49414,71.92,2370.04614
1691,1581.49414,52.1420021,2370.04614
1692,1578.0802,52.1420021,2363.829
1693,1583.201,49.445,2373.15479
1694,1578.0802,40.455,2363.829
1695,1576.37329,28.768,2360.72046
1696,1576.37329,27.869,2360.72046
1697,1578.0802,44.0510025,2363.829
1698,1578.0802,37.758,2363.829
1699,1571.25244,49.445,2351.39478
1700,1574.66638,45.849,2357.612
1701,1572.95935,46.7479973,2354.50317
1702,1571.25244,49.445,2351.39478
1703,1566.13159,48.546,2342.06885
1704,1574.66638,54.839,2357.612
1705,1567.83862,51.243,2345.17773
1706,1569.54553,52.1420021,2348.28613
1707,1572.95935,54.839,2354.50317
1708,1567.83862,53.041,2345.17773
1709,1572.95935,59.334,2354.50317
1710,1571.25244,57.536,2351.39478
1711,1567.83862,60.2329979,2345.17773
1712,1571.25244,62.031002,2351.39478
1713,1569.54553,50.343998,2348.28613
1714,1566.13159,45.849,2342.06885
1715,1566.13159,58.435,2342.06885
1716,1564.42468,89.9,2338.96045
1717,1566.13159,111.476,2772.34961
1718,1564.42468,130.355,3162.63257
1719,1566.13159,146.536987,3505.12427
1720,1561.01074,162.719009,3830.464
1721,1566.13159,186.093,4396.09229
1722,1557.59692,203.174,4911.754
1723,1561.01074,231.941986,5874.06738
1724,1562.71777,249.02301,6447.028
1725,1555.88989,267.003021,7017.60742
1726,1557.59692,293.073975,7874.12
1727,1554.183,313.751,8570.259
1728,1554.183,327.236023,9040.886
1729,1555.88989,352.40802,9928.783
1730,1554.183,372.186,10583.6436
1731,1547.35522,397.358,11379.1357
1732,1554.183,417.136017,12116.5264
1733,1552.47607,434.21698,12699.8887
1734,1549.06213,441.409,12926.5615
1735,1552.47607,443.207,13013.2412
1736,1554.183,428.823,12523.8828
1737,1554.183,426.126,12429.877
1738,1552.47607,421.631,12261.1982
1739,1557.59692,420.732,12265.875
1740,1557.59692,411.742,11952.5234
1741,1559.30383,413.54,12027.1982
1742,1561.01074,412.641022,12007.8672
1743,1561.01074,412.641022,12007.8672
1744,1559.30383,400.953979,11588.5049
1745,1559.30383,413.54,12027.1982
1746,1562.71777,415.338,12113.877
1747,1552.47607,-57.0049934,0
1748,1547.35522,-56.73615,0
1749,1538.82043,-56.28807,0
1750,1523.45789,-55.4815369,0
1751,1521.751,-55.3919258,0
1752,1509.80237,-54.7646255,0
1753,1497.85376,-54.13732,0
1754,1484.19824,-53.4204063,0
1755,1465.42175,-52.4346428,0
1756,1451.76624,-51.7177277,0
1757,1438.1106,-51.0008049,0
1758,1414.21338,-49.7462044,0
1759,1398.85083,-48.91956,0
1760,1380.07446,-47.60521,0
1761,1364.71191,-46.5298347,0
1762,1349.34949,-45.454464,0
1763,1332.28,-44.2596,0
1764,1308.38269,-42.58679,0
1765,1274.24377,-40.1970634,0
1766,1226.44934,-36.85145,0
1767,1176.94788,-33.7897644,0
1768,1129.15332,-31.28055,0
1769,1282.77856,0,1867.58374
1770,1438.1106,-51.0008049,0
1771,1388.60925,-48.20265,0
1772,1335.69385,-44.49857,0
1773,1281.07166,-40.6750145,0
1774,1224.74231,-36.73196,0
1775,1173.53394,-33.61053,0
1776,1120.61865,-30.83248,0
1777,1330.573,0,1951.60938
1778,1542.23438,-56.4673042,0
1779,1451.76624,-51.7177277,0
1780,1351.0564,-45.5739479,0
1781,1241.81177,-37.9268227,0
1782,1405.67871,0,2067.63477
1783,1569.54553,-57.90114,0
1784,1410.79956,-49.56698,0
1785,1332.28,-44.2596,0
1786,1139.395,-31.81824,0
1787,1040.39209,-26.6205845,0
1788,939.6823,-21.3333225,0
1789,838.9725,-16.0460548,0
1790,738.262634,-11.8391924,0
1791,637.5528,-8.314347,0
1792,600,0,767
1793,600,0,767
1794,600,0,767
1795,600,0,767
1796,600,0,767
1797,600,0,767
1798,600,0,767
1799,600,0,767
1800,600,0,767
